"id","email","password","name","role","createdAt","updatedAt"
"cmgu0l2ri0000ob0123ebuo0q","super@admin.com","<REDACTED_HASH>","superadmin","ADMIN","2025-10-16 22:51:36.126","2025-10-16 22:51:36.126"
"cmguwb90r0000qi01lmv4wq08","ricardo@example.com","<REDACTED_HASH>","ricardo","CLIENT","2025-10-17 13:39:45.387","2025-10-17 13:39:45.387"
"cmgv41uyr0000qr01ktuxz0rr","nuevo@correo.com","<REDACTED_HASH>","Sebas","CLIENT","2025-10-17 17:16:24.195","2025-10-17 17:16:24.195"
"cmgxvk9930001qr01sb6toh91","usuario@correo.com","<REDACTED_HASH>","Sebas","CLIENT","2025-10-19 15:42:04.503","2025-10-19 15:42:04.503"
"cmgy76qaj0000qr018qa5ug1y","juan@client.com","<REDACTED_HASH>","Juan Client","CLIENT","2025-10-19 21:07:28.795","2025-10-19 21:07:28.795"
"cmgyigaaq0000mn01d5z4zpj3","pedro@client.com","<REDACTED_HASH>","Pedro Cliente","CLIENT","2025-10-20 02:22:50.402","2025-10-20 02:22:50.402"
"cmgz8ztk00000qs01ltvqo1a1","client458347265@example.com","<REDACTED_HASH>","integration-client","CLIENT","2025-10-20 14:45:51.84","2025-10-20 14:45:51.84"
"cmgz920gr0000lc01bq2enxzf","client212650392@example.com","<REDACTED_HASH>","integration-client","CLIENT","2025-10-20 14:47:34.108","2025-10-20 14:47:34.108"
"cmgz92nmu0001lc017ui9npbu","client2059684775@example.com","<REDACTED_HASH>","integration-client","CLIENT","2025-10-20 14:48:04.134","2025-10-20 14:48:04.134"
"cmgz9bvfu0002lc01bpi0apz9","client672056048@example.com","<REDACTED_HASH>","integration-client","CLIENT","2025-10-20 14:55:14.154","2025-10-20 14:55:14.154"
"cmgz9cqm40003lc01si2p9m1s","client@example.com","<REDACTED_HASH>","integration-client","CLIENT","2025-10-20 14:55:54.556","2025-10-20 14:55:54.556"
"cmgz9q55j0000p801yztxh9ve","client356624649@example.com","<REDACTED_HASH>","integration-client","CLIENT","2025-10-20 15:06:19.928","2025-10-20 15:06:19.928"
"cmgz9xggo0000qy01boyzjl2n","client59493498@example.com","<REDACTED_HASH>","integration-client-2","CLIENT","2025-10-20 15:12:01.176","2025-10-20 15:12:01.176"
"cmgza17kz0001qy01u9q9wo6v","client1074926408@example.com","<REDACTED_HASH>","integration-client","CLIENT","2025-10-20 15:14:56.291","2025-10-20 15:14:56.291"
"cmgzackvx0002qy01gfg5ath4","client1945057508@example.com","<REDACTED_HASH>","integration-client","CLIENT","2025-10-20 15:23:46.749","2025-10-20 15:23:46.749"
"cmgzakejo0003qy01gkfxsc96","client277649220@example.com","<REDACTED_HASH>","integration-client","CLIENT","2025-10-20 15:29:51.781","2025-10-20 15:29:51.781"
"cmgzakvnn0004qy018trwzoe8","client1815679701@example.com","<REDACTED_HASH>","integration-client","CLIENT","2025-10-20 15:30:13.955","2025-10-20 15:30:13.955"
"cmgzbd4fl0005qy01wwjpgf1m","client1479471084@example.com","<REDACTED_HASH>","integration-client","CLIENT","2025-10-20 15:52:11.698","2025-10-20 15:52:11.698"
"cmgzdj37v0006qy01299lwa4q","it.client55933517@example.com","<REDACTED_HASH>","it-client","CLIENT","2025-10-20 16:52:49.291","2025-10-20 16:52:49.291"
"cmgzdqvh90007qy01a9c36qov","it.client11937053984@example.com","<REDACTED_HASH>","it-client-1","CLIENT","2025-10-20 16:58:52.509","2025-10-20 16:58:52.509"
"cmgzdqvnu0008qy01zagwqn7e","it.client2939383106@example.com","<REDACTED_HASH>","it-client-2","CLIENT","2025-10-20 16:58:52.747","2025-10-20 16:58:52.747"
"cmgzdvtwp0009qy015bxsdvjk","race.client12062382409@example.com","<REDACTED_HASH>","race-client-1","CLIENT","2025-10-20 17:02:43.754","2025-10-20 17:02:43.754"
"cmgzdvu3d000aqy018bctfg1r","race.client2604912667@example.com","<REDACTED_HASH>","race-client-2","CLIENT","2025-10-20 17:02:43.993","2025-10-20 17:02:43.993"
"cmgzdvu9x000bqy015u4kmb8x","race.client31718536642@example.com","<REDACTED_HASH>","race-client-3","CLIENT","2025-10-20 17:02:44.229","2025-10-20 17:02:44.229"
"cmgzdvuga000cqy01jr99y2kp","race.client41919499660@example.com","<REDACTED_HASH>","race-client-4","CLIENT","2025-10-20 17:02:44.459","2025-10-20 17:02:44.459"
"cmgzdvumv000dqy014azsty8w","race.client5986333742@example.com","<REDACTED_HASH>","race-client-5","CLIENT","2025-10-20 17:02:44.696","2025-10-20 17:02:44.696"
"cmgzdwpgm000eqy01qzc49217","race.client11969967197@example.com","<REDACTED_HASH>","race-client-1","CLIENT","2025-10-20 17:03:24.646","2025-10-20 17:03:24.646"
"cmgzdwpmz000fqy01inlefxhp","race.client2221203971@example.com","<REDACTED_HASH>","race-client-2","CLIENT","2025-10-20 17:03:24.875","2025-10-20 17:03:24.875"
"cmgzdwptg000gqy01kc6w5zqn","race.client31688124641@example.com","<REDACTED_HASH>","race-client-3","CLIENT","2025-10-20 17:03:25.109","2025-10-20 17:03:25.109"
"cmgzdwq10000hqy01ipex7hii","race.client41697349474@example.com","<REDACTED_HASH>","race-client-4","CLIENT","2025-10-20 17:03:25.38","2025-10-20 17:03:25.38"
"cmgzdwq7g000iqy01bbngx9ai","race.client5886864990@example.com","<REDACTED_HASH>","race-client-5","CLIENT","2025-10-20 17:03:25.612","2025-10-20 17:03:25.612"
"cmgze281q0000ns01jqw5n5fe","race.client1438524248@example.com","<REDACTED_HASH>","race-client-1","CLIENT","2025-10-20 17:07:42.014","2025-10-20 17:07:42.014"
"cmgze28a50001ns0199c7thkz","race.client21943823614@example.com","<REDACTED_HASH>","race-client-2","CLIENT","2025-10-20 17:07:42.317","2025-10-20 17:07:42.317"
"cmgze28ge0002ns01sreucelr","race.client3744373961@example.com","<REDACTED_HASH>","race-client-3","CLIENT","2025-10-20 17:07:42.542","2025-10-20 17:07:42.542"
"cmgze28n20003ns019pucof4n","race.client4750658995@example.com","<REDACTED_HASH>","race-client-4","CLIENT","2025-10-20 17:07:42.782","2025-10-20 17:07:42.782"
"cmgze28to0004ns01urg0nucy","race.client5441219398@example.com","<REDACTED_HASH>","race-client-5","CLIENT","2025-10-20 17:07:43.021","2025-10-20 17:07:43.021"
"cmgzegwsl0005ns010x52k99b","demo.user975686826@example.com","<REDACTED_HASH>","demo-user","CLIENT","2025-10-20 17:19:07.27","2025-10-20 17:19:07.27"
"cmgzegwvw0006ns017hp1u0xy","demo.user57302899@example.com","<REDACTED_HASH>","demo-user","CLIENT","2025-10-20 17:19:07.388","2025-10-20 17:19:07.388"
"cmgzegwz50007ns012pd6phjr","demo.user356988002@example.com","<REDACTED_HASH>","demo-user","CLIENT","2025-10-20 17:19:07.505","2025-10-20 17:19:07.505"
"cmgzegx2f0008ns01gzb691l1","demo.user1099816794@example.com","<REDACTED_HASH>","demo-user","CLIENT","2025-10-20 17:19:07.624","2025-10-20 17:19:07.624"
"cmgzegx5r0009ns01i9dso1xi","demo.user1173102755@example.com","<REDACTED_HASH>","demo-user","CLIENT","2025-10-20 17:19:07.743","2025-10-20 17:19:07.743"
"cmgzegx8x000ans01zpm9qggn","demo.user1033740648@example.com","<REDACTED_HASH>","demo-user","CLIENT","2025-10-20 17:19:07.857","2025-10-20 17:19:07.857"
"cmgzegxcd000bns0171tdcts9","demo.user1803016305@example.com","<REDACTED_HASH>","demo-user","CLIENT","2025-10-20 17:19:07.982","2025-10-20 17:19:07.982"
"cmgzegxgq000cns019nxdv2xc","demo.user706670807@example.com","<REDACTED_HASH>","demo-user","CLIENT","2025-10-20 17:19:08.138","2025-10-20 17:19:08.138"
"cmgzegxk4000dns012854nq1b","demo.user2132890934@example.com","<REDACTED_HASH>","demo-user","CLIENT","2025-10-20 17:19:08.26","2025-10-20 17:19:08.26"
"cmgzegxng000ens0164fiwrtt","demo.user402229661@example.com","<REDACTED_HASH>","demo-user","CLIENT","2025-10-20 17:19:08.381","2025-10-20 17:19:08.381"
"cmgzegxqo000fns01880zm6qb","demo.user400803232@example.com","<REDACTED_HASH>","demo-user","CLIENT","2025-10-20 17:19:08.496","2025-10-20 17:19:08.496"
"cmgzegxtv000gns01oj831eb5","demo.user1841556696@example.com","<REDACTED_HASH>","demo-user","CLIENT","2025-10-20 17:19:08.611","2025-10-20 17:19:08.611"
"cmgzegxx6000hns0157hgmofl","demo.user116680288@example.com","<REDACTED_HASH>","demo-user","CLIENT","2025-10-20 17:19:08.731","2025-10-20 17:19:08.731"
"cmgzegy0h000ins019lulx9nv","demo.user1998010187@example.com","<REDACTED_HASH>","demo-user","CLIENT","2025-10-20 17:19:08.849","2025-10-20 17:19:08.849"
"cmgzegy3r000jns01cehht8te","demo.user1320525355@example.com","<REDACTED_HASH>","demo-user","CLIENT","2025-10-20 17:19:08.967","2025-10-20 17:19:08.967"
"cmgzegy6y000kns01c2xbh3de","demo.user1806840167@example.com","<REDACTED_HASH>","demo-user","CLIENT","2025-10-20 17:19:09.082","2025-10-20 17:19:09.082"
"cmgzegyad000lns01rvrtytbu","demo.user1714885033@example.com","<REDACTED_HASH>","demo-user","CLIENT","2025-10-20 17:19:09.205","2025-10-20 17:19:09.205"
"cmgzegydp000mns012yk56p93","demo.user996150698@example.com","<REDACTED_HASH>","demo-user","CLIENT","2025-10-20 17:19:09.326","2025-10-20 17:19:09.326"
"cmgzegyh1000nns01egq6ktam","demo.user1805004131@example.com","<REDACTED_HASH>","demo-user","CLIENT","2025-10-20 17:19:09.445","2025-10-20 17:19:09.445"
"cmgzegyki000ons0199sznuk2","demo.user321680910@example.com","<REDACTED_HASH>","demo-user","CLIENT","2025-10-20 17:19:09.57","2025-10-20 17:19:09.57"
"cmgzeil6f000pns016sisnhu4","demo.user1878900394@example.com","<REDACTED_HASH>","demo-user","CLIENT","2025-10-20 17:20:25.528","2025-10-20 17:20:25.528"
"cmgzeila3000qns01iji6qnxi","demo.user2049534438@example.com","<REDACTED_HASH>","demo-user","CLIENT","2025-10-20 17:20:25.66","2025-10-20 17:20:25.66"
"cmgzeildf000rns01vt5w9rww","demo.user1254861026@example.com","<REDACTED_HASH>","demo-user","CLIENT","2025-10-20 17:20:25.78","2025-10-20 17:20:25.78"
"cmgzeilgn000sns011pfygkg5","demo.user763755693@example.com","<REDACTED_HASH>","demo-user","CLIENT","2025-10-20 17:20:25.895","2025-10-20 17:20:25.895"
"cmgzeiljt000tns01ytyyxaeo","demo.user1288088867@example.com","<REDACTED_HASH>","demo-user","CLIENT","2025-10-20 17:20:26.009","2025-10-20 17:20:26.009"
"cmgzeilmz000uns011gzxm72i","demo.user1568480762@example.com","<REDACTED_HASH>","demo-user","CLIENT","2025-10-20 17:20:26.123","2025-10-20 17:20:26.123"
"cmgzeilq7000vns01w3rostxi","demo.user459656413@example.com","<REDACTED_HASH>","demo-user","CLIENT","2025-10-20 17:20:26.239","2025-10-20 17:20:26.239"
"cmgzeilte000wns011wi9i7j5","demo.user565971115@example.com","<REDACTED_HASH>","demo-user","CLIENT","2025-10-20 17:20:26.355","2025-10-20 17:20:26.355"
"cmgzeilwj000xns01apy29ehv","demo.user351456004@example.com","<REDACTED_HASH>","demo-user","CLIENT","2025-10-20 17:20:26.467","2025-10-20 17:20:26.467"
"cmgzeilzp000yns01ln1yqveu","demo.user4716732@example.com","<REDACTED_HASH>","demo-user","CLIENT","2025-10-20 17:20:26.582","2025-10-20 17:20:26.582"
"cmgzeim2v000zns01d5iygp0d","demo.user262554982@example.com","<REDACTED_HASH>","demo-user","CLIENT","2025-10-20 17:20:26.695","2025-10-20 17:20:26.695"
"cmgzeim600010ns013p98j9tm","demo.user1230331531@example.com","<REDACTED_HASH>","demo-user","CLIENT","2025-10-20 17:20:26.808","2025-10-20 17:20:26.808"
"cmgzeim940011ns0111wwifrz","demo.user1778304235@example.com","<REDACTED_HASH>","demo-user","CLIENT","2025-10-20 17:20:26.921","2025-10-20 17:20:26.921"
"cmgzeimch0012ns01nmnzngdj","demo.user846028438@example.com","<REDACTED_HASH>","demo-user","CLIENT","2025-10-20 17:20:27.041","2025-10-20 17:20:27.041"
"cmgzeimfv0013ns012n7hexey","demo.user1298518901@example.com","<REDACTED_HASH>","demo-user","CLIENT","2025-10-20 17:20:27.163","2025-10-20 17:20:27.163"
"cmgzeimj60014ns0163ojf8n8","demo.user1996981528@example.com","<REDACTED_HASH>","demo-user","CLIENT","2025-10-20 17:20:27.282","2025-10-20 17:20:27.282"
"cmgzeimmd0015ns01won8fawc","demo.user466863765@example.com","<REDACTED_HASH>","demo-user","CLIENT","2025-10-20 17:20:27.398","2025-10-20 17:20:27.398"
"cmgzeimpk0016ns01m49y4rmf","demo.user2107972816@example.com","<REDACTED_HASH>","demo-user","CLIENT","2025-10-20 17:20:27.512","2025-10-20 17:20:27.512"
"cmgzeimsq0017ns01hwdti6na","demo.user954275002@example.com","<REDACTED_HASH>","demo-user","CLIENT","2025-10-20 17:20:27.626","2025-10-20 17:20:27.626"
"cmgzeimvt0018ns01j0rrwldj","demo.user937536048@example.com","<REDACTED_HASH>","demo-user","CLIENT","2025-10-20 17:20:27.737","2025-10-20 17:20:27.737"
"cmgzel6lt0019ns01j86zse6y","demo.user746054934@example.com","<REDACTED_HASH>","demo-user","CLIENT","2025-10-20 17:22:26.609","2025-10-20 17:22:26.609"
"cmgzel6s9001ans01lr1u3yff","demo.user574187177@example.com","<REDACTED_HASH>","demo-user","CLIENT","2025-10-20 17:22:26.842","2025-10-20 17:22:26.842"
"cmgzel6yf001bns01vuq98hwc","demo.user2039971261@example.com","<REDACTED_HASH>","demo-user","CLIENT","2025-10-20 17:22:27.064","2025-10-20 17:22:27.064"
"cmgzel74s001cns01z09hzodk","demo.user1234650846@example.com","<REDACTED_HASH>","demo-user","CLIENT","2025-10-20 17:22:27.292","2025-10-20 17:22:27.292"
"cmgzel7b8001dns014sqeq27b","demo.user563912991@example.com","<REDACTED_HASH>","demo-user","CLIENT","2025-10-20 17:22:27.525","2025-10-20 17:22:27.525"
"cmgzel7hg001ens01so8s29nl","demo.user1900662006@example.com","<REDACTED_HASH>","demo-user","CLIENT","2025-10-20 17:22:27.749","2025-10-20 17:22:27.749"
"cmgzel7nz001fns01q8j20u3s","demo.user1400979412@example.com","<REDACTED_HASH>","demo-user","CLIENT","2025-10-20 17:22:27.983","2025-10-20 17:22:27.983"
"cmgzel7uj001gns01r6x93pth","demo.user871909669@example.com","<REDACTED_HASH>","demo-user","CLIENT","2025-10-20 17:22:28.22","2025-10-20 17:22:28.22"
"cmgzel815001hns01dn9zpu00","demo.user484113750@example.com","<REDACTED_HASH>","demo-user","CLIENT","2025-10-20 17:22:28.458","2025-10-20 17:22:28.458"
"cmgzel87g001ins01aeinxluf","demo.user1057411261@example.com","<REDACTED_HASH>","demo-user","CLIENT","2025-10-20 17:22:28.684","2025-10-20 17:22:28.684"
"cmgzel8ek001jns01xv9pnyal","demo.user2098989937@example.com","<REDACTED_HASH>","demo-user","CLIENT","2025-10-20 17:22:28.941","2025-10-20 17:22:28.941"
"cmgzel8ni001kns01vqsk74j6","demo.user2040378421@example.com","<REDACTED_HASH>","demo-user","CLIENT","2025-10-20 17:22:29.262","2025-10-20 17:22:29.262"
"cmgzel8tm001lns01oizpfnay","demo.user181299044@example.com","<REDACTED_HASH>","demo-user","CLIENT","2025-10-20 17:22:29.482","2025-10-20 17:22:29.482"
"cmgzel903001mns01g5bmmiv5","demo.user1474807307@example.com","<REDACTED_HASH>","demo-user","CLIENT","2025-10-20 17:22:29.715","2025-10-20 17:22:29.715"
"cmgzel96c001nns01bhfhgu5d","demo.user2133102894@example.com","<REDACTED_HASH>","demo-user","CLIENT","2025-10-20 17:22:29.94","2025-10-20 17:22:29.94"
"cmgzel9d6001ons01oythhfq4","demo.user450735285@example.com","<REDACTED_HASH>","demo-user","CLIENT","2025-10-20 17:22:30.186","2025-10-20 17:22:30.186"
"cmgzel9jq001pns01zis4h4gg","demo.user144573903@example.com","<REDACTED_HASH>","demo-user","CLIENT","2025-10-20 17:22:30.423","2025-10-20 17:22:30.423"
"cmgzel9qe001qns01ovdhtm1t","demo.user445642672@example.com","<REDACTED_HASH>","demo-user","CLIENT","2025-10-20 17:22:30.662","2025-10-20 17:22:30.662"
"cmgzel9ws001rns01353k3yeg","demo.user957504429@example.com","<REDACTED_HASH>","demo-user","CLIENT","2025-10-20 17:22:30.893","2025-10-20 17:22:30.893"
"cmgzela2y001sns01khl0cbbn","demo.user1947347178@example.com","<REDACTED_HASH>","demo-user","CLIENT","2025-10-20 17:22:31.114","2025-10-20 17:22:31.114"
"cmgzemwyi001tns01zhd8sqn5","demo.user938789529@example.com","<REDACTED_HASH>","demo-user","CLIENT","2025-10-20 17:23:47.418","2025-10-20 17:23:47.418"
"cmgzemx52001uns018qdpdro0","demo.user1239381673@example.com","<REDACTED_HASH>","demo-user","CLIENT","2025-10-20 17:23:47.654","2025-10-20 17:23:47.654"
"cmgzemxb5001vns01hncmxn0e","demo.user1160495385@example.com","<REDACTED_HASH>","demo-user","CLIENT","2025-10-20 17:23:47.874","2025-10-20 17:23:47.874"
"cmgzemxhk001wns01of6usdla","demo.user1425056364@example.com","<REDACTED_HASH>","demo-user","CLIENT","2025-10-20 17:23:48.104","2025-10-20 17:23:48.104"
